Datetime,Water Level (m)
2026-04-17 12:00:00,-0.85197383
2026-04-17 13:00:00,0.065936096
2026-04-17 14:00:00,0.8508949
2026-04-17 15:00:00,1.1879886
2026-04-17 16:00:00,1.2326908
2026-04-17 17:00:00,0.98061275
2026-04-17 18:00:00,0.38651058
2026-04-17 19:00:00,-0.40028903
2026-04-17 20:00:00,-0.98876995
2026-04-17 21:00:00,-1.4987091
2026-04-17 22:00:00,-1.7324045
2026-04-17 23:00:00,-1.6633979
2026-04-18 00:00:00,-1.24347
2026-04-18 01:00:00,-0.20552681
2026-04-18 02:00:00,0.6516265
2026-04-18 03:00:00,1.2479447
2026-04-18 04:00:00,1.4420791
2026-04-18 05:00:00,1.3348604
2026-04-18 06:00:00,0.8728194
2026-04-18 07:00:00,0.16689207
2026-04-18 08:00:00,-0.59145826
2026-04-18 09:00:00,-1.1059088
2026-04-18 10:00:00,-1.4665667
2026-04-18 11:00:00,-1.5289521
2026-04-18 12:00:00,-1.2830875
2026-04-18 13:00:00,-0.4904185
2026-04-18 14:00:00,0.32477045
2026-04-18 15:00:00,0.9375246
2026-04-18 16:00:00,1.200709
2026-04-18 17:00:00,1.1610112
2026-04-18 18:00:00,0.7646265
2026-04-18 19:00:00,0.07084484
2026-04-18 20:00:00,-0.6834503
2026-04-18 21:00:00,-1.229854
2026-04-18 22:00:00,-1.638436
2026-04-18 23:00:00,-1.7644634
2026-04-19 00:00:00,-1.5227492
2026-04-19 01:00:00,-0.89371395
2026-04-19 02:00:00,0.16255978
2026-04-19 03:00:00,0.89701796
2026-04-19 04:00:00,1.3617935
2026-04-19 05:00:00,1.4482273
2026-04-19 06:00:00,1.2470988
2026-04-19 07:00:00,0.6732497
2026-04-19 08:00:00,-0.08841426
2026-04-19 09:00:00,-0.75370103
2026-04-19 10:00:00,-1.2294811
2026-04-19 11:00:00,-1.4871496
2026-04-19 12:00:00,-1.4755884
2026-04-19 13:00:00,-1.1296932
2026-04-19 14:00:00,-0.23701538
2026-04-19 15:00:00,0.46241224
2026-04-19 16:00:00,0.9641124
2026-04-19 17:00:00,1.0714939
2026-04-19 18:00:00,0.9436851
2026-04-19 19:00:00,0.45749998
2026-04-19 20:00:00,-0.22841196
2026-04-19 21:00:00,-0.82214916
2026-04-19 22:00:00,-1.3360623
2026-04-19 23:00:00,-1.6250733
2026-04-20 00:00:00,-1.6464144
2026-04-20 01:00:00,-1.3383946
2026-04-20 02:00:00,-0.5447893
2026-04-20 03:00:00,0.33719066
2026-04-20 04:00:00,0.98576725
2026-04-20 05:00:00,1.3080221
2026-04-20 06:00:00,1.3510818
2026-04-20 07:00:00,1.0524876
2026-04-20 08:00:00,0.43362394
2026-04-20 09:00:00,-0.2858825
2026-04-20 10:00:00,-0.8542296
2026-04-20 11:00:00,-1.2532334
2026-04-20 12:00:00,-1.4377838
2026-04-20 13:00:00,-1.3534856
2026-04-20 14:00:00,-0.847607
2026-04-20 15:00:00,-0.13084869
2026-04-20 16:00:00,0.48289263
2026-04-20 17:00:00,0.86487216
2026-04-20 18:00:00,0.8775505
2026-04-20 19:00:00,0.66482276
2026-04-20 20:00:00,0.1724949
2026-04-20 21:00:00,-0.4638728
2026-04-20 22:00:00,-0.98806
2026-04-20 23:00:00,-1.4075696
2026-04-21 00:00:00,-1.5912237
2026-04-21 01:00:00,-1.5033176
2026-04-21 02:00:00,-1.1381049
2026-04-21 03:00:00,-0.25306335
2026-04-21 04:00:00,0.50299954
2026-04-21 05:00:00,1.0111016
2026-04-21 06:00:00,1.2244433
2026-04-21 07:00:00,1.1972938
2026-04-21 08:00:00,0.81455237
2026-04-21 09:00:00,0.2297756
2026-04-21 10:00:00,-0.38761568
2026-04-21 11:00:00,-0.8356726
2026-04-21 12:00:00,-1.1467358
2026-04-21 13:00:00,-1.2788517
2026-04-21 14:00:00,-1.1174049
2026-04-21 15:00:00,-0.571592
2026-04-21 16:00:00,0.0050020483
2026-04-21 17:00:00,0.5088045
2026-04-21 18:00:00,0.6944517
2026-04-21 19:00:00,0.6885028
2026-04-21 20:00:00,0.43980253
2026-04-21 21:00:00,-0.062182374
2026-04-21 22:00:00,-0.6014934
2026-04-21 23:00:00,-0.98333454
2026-04-22 00:00:00,-1.2585717
2026-04-22 01:00:00,-1.345
2026-04-22 02:00:00,-1.2267234
2026-04-22 03:00:00,-0.69121486
2026-04-22 04:00:00,-0.047009274
2026-04-22 05:00:00,0.4836053
2026-04-22 06:00:00,0.9019226
2026-04-22 07:00:00,1.0536238
2026-04-22 08:00:00,0.9613176
2026-04-22 09:00:00,0.6153872
2026-04-22 10:00:00,0.1481057
2026-04-22 11:00:00,-0.3557721
2026-04-22 12:00:00,-0.7360385
2026-04-22 13:00:00,-1.00056
2026-04-22 14:00:00,-1.0630739
2026-04-22 15:00:00,-0.8703598
2026-04-22 16:00:00,-0.43680918
2026-04-22 17:00:00,0.002986055
2026-04-22 18:00:00,0.37819317
2026-04-22 19:00:00,0.5085114
2026-04-22 20:00:00,0.51044184
2026-04-22 21:00:00,0.30120736
2026-04-22 22:00:00,-0.07305343
2026-04-22 23:00:00,-0.47817472
2026-04-23 00:00:00,-0.7809601
2026-04-23 01:00:00,-1.0034186
2026-04-23 02:00:00,-1.0674293
2026-04-23 03:00:00,-0.9150372
2026-04-23 04:00:00,-0.4629657
2026-04-23 05:00:00,-0.004644097
2026-04-23 06:00:00,0.47371846
2026-04-23 07:00:00,0.76544315
2026-04-23 08:00:00,0.8719325
2026-04-23 09:00:00,0.79923445
2026-04-23 10:00:00,0.5335356
2026-04-23 11:00:00,0.14989509
2026-04-23 12:00:00,-0.26840374
